modelo,hora,humedad,nubosidad,temp,H,N,Tf,indice,estado
original,06:00,65,40,14,0.65,0.40,0.80,0.605,Lluvia probable
original,08:00,70,50,16,0.70,0.50,0.70,0.640,Lluvia probable
original,10:00,68,45,18,0.68,0.45,0.60,0.595,Baja posibilidad
original,12:00,60,30,22,0.60,0.30,0.40,0.470,Baja posibilidad
original,14:00,75,70,20,0.75,0.70,0.50,0.685,Lluvia probable
original,16:00,85,85,18,0.85,0.85,0.60,0.800,Lluvia
original,18:00,92,95,16,0.92,0.95,0.70,0.885,Lluvia
original,20:00,88,90,17,0.88,0.90,0.70,0.850,Lluvia
original,22:00,80,75,15,0.80,0.75,0.70,0.765,Lluvia
ajustado,06:00,65,40,14,0.65,0.40,0.80,0.600,Lluvia probable
ajustado,08:00,70,50,16,0.70,0.50,0.70,0.630,Lluvia probable
ajustado,10:00,68,45,18,0.68,0.45,0.60,0.580,Baja posibilidad
ajustado,12:00,60,30,22,0.60,0.30,0.40,0.445,Baja posibilidad
ajustado,14:00,75,70,20,0.75,0.70,0.50,0.670,Lluvia probable
ajustado,16:00,85,85,18,0.85,0.85,0.60,0.788,Lluvia
ajustado,18:00,92,95,16,0.92,0.95,0.70,0.876,Lluvia
ajustado,20:00,88,90,17,0.88,0.90,0.70,0.842,Lluvia
ajustado,22:00,80,75,15,0.80,0.75,0.70,0.758,Lluvia
